{
  "home": {
    "x": 208.09332275390625,
    "y": 310.24200439453125,
    "z": 137.23410034179688,
    "c": -5.0
  },
  "tray": {
    "x": 208.09352111816406,
    "y": 310.241943359375,
    "z": 137.23411560058594,
    "c": -5.0
  },
  "scale": {
    "x": 400.0,
    "y": 0.0005153217352926731,
    "z": 144.5,
    "c": -5.0
  }
}