{
  "corners_px": [
    [
      262.71475409836063,
      13.429508196721311
    ],
    [
      1158.295081967213,
      19.304918032786887
    ],
    [
      1154.0983606557377,
      709.2459016393443
    ],
    [
      258.51803278688527,
      702.5311475409836
    ]
  ],
  "corners_robot": [
    [
      -67.19,
      160.85
    ],
    [
      -69.24,
      365.2
    ],
    [
      83.8,
      364.71
    ],
    [
      82.81,
      160.0
    ]
  ],
  "H": [
    [
      -0.00226055147983285,
      0.2162539507695334,
      -69.13241844769942
    ],
    [
      0.21936181448754072,
      -0.0003065148440011546,
      102.34382954883813
    ],
    [
      -2.0702120436567318e-05,
      -2.724272504965406e-06,
      1.0
    ]
  ],
  "H_inv": [
    [
      0.0005839801439155562,
      4.5547749330712195,
      -466.1127374238871
    ],
    [
      4.668924533286726,
      0.07782377053982825,
      314.80926182893154
    ],
    [
      1.2731512361063213e-05,
      9.450551238421381e-05,
      1.0
    ]
  ],
  "saved": "2026-06-29 10:13:16",
  "error_mm": 0.0
}